Route No.,Call No.,Route Start Date,Shift Start,Customer ID,Customer Name,Full Address for Address Matching,Customer Address,Country Code,Postcode,Order Details 1,Latitude,Longitude,EQ Code,Fixed Time at Call,Delivery Date,Arrival Time,Contact Number (Daily UID),Depot Address,Route Reference,Stop Departure Date,Depart Time,Driver ID,Route Reference,Next Customer Address,Monday,Depot,Open,Trip Drop No.,Is Crossdock,Depot Name,Route Completion Date,Cube,Units,$,Travel Distance from Prev. Drop,End Depot Arrival Time,Pool Flag,PO #,Legacy Customer ID,Travel Time  from Prev. Call,Store Phone Number
1,1,"1/3/2024",06:26 Wed,"34510927-00","HOME DEPOT #0927","750 US HIGHWAY 130","ROBBINSVILLE","USANJ","08691-2002","27357576",40.197180,-74.640700,"",0:15,"1/3/2024",07:00 Wed,20456,"North Brunswick","T001","1/3/2024",07:15 Wed,"","NBT001010224","ROBBINSVILLE",0,0,"7:00",1,0,"North Brunswick","1/3/2024",1,6,1848,29,13:00 Wed,"","27537217","",0:34,""
1,2,"1/3/2024",06:26 Wed,"34510927-00","HOME DEPOT #0927","750 US HIGHWAY 130","ROBBINSVILLE","USANJ","08691-2002","27360721",40.197180,-74.640700,"",0:15,"1/3/2024",07:15 Wed,20456,"North Brunswick","T001","1/3/2024",07:48 Wed,"","NBT001010224","EGG HARBOR TOWNSHIP",0,0,"7:00",1,0,"North Brunswick","1/3/2024",19300,34,509884,29,13:00 Wed,"","27992101","",0:00,""
1,3,"1/3/2024",06:26 Wed,"34510930-00","HOME DEPOT 0930","6 TOWER AVE","EGG HARBOR TOWNSHIP","USANJ","08234-4864","27360701",39.434060,-74.620390,"",0:15,"1/3/2024",09:13 Wed,20456,"North Brunswick","T001","1/3/2024",10:12 Wed,"","NBT001010224","HOWELL",0,0,"7:00",2,0,"North Brunswick","1/3/2024",25700,39,644834,62,13:00 Wed,"","30992101","",1:25,""
1,4,"1/3/2024",06:26 Wed,"20900-00","SUCCESS HOME IMPROVEMENT INC","6535 US HIGHWAY 9","HOWELL","USANJ","07731-3390","27318762",40.115842,-74.218905,"",0:15,"1/3/2024",11:27 Wed,20456,"North Brunswick","T001","1/3/2024",11:42 Wed,"","NBT001010224","FARMINGDALE",1,0,"10:00",3,0,"North Brunswick","1/3/2024",195,1,0,63,13:00 Wed,"","GEFEN HASAN","",1:15,""
1,5,"1/3/2024",06:26 Wed,"534510032-501","CDS-JSmpl lic www.smpl.com","800 CENTRAL AVE","FARMINGDALE","USANJ","07727-3793","27329824",40.191118,-74.166775,"",0:15,"1/3/2024",12:00 Wed,20456,"North Brunswick","T001","1/3/2024",12:15 Wed,"","NBT001010224","North Brunswick",0,0,"7:00",4,0,"North Brunswick","1/3/2024",100,1,0,10,13:00 Wed,"","3910184A","",0:18,""
2,1,"1/3/2024",08:00 Wed,"34510962-00","HOME DEPOT #0962","736 US HIGHWAY 202","BRIDGEWATER","USANJ","08807-2551","27360604",40.592966,-74.626155,"",0:15,"1/3/2024",08:27 Wed,20456,"North Brunswick","T002","1/3/2024",09:03 Wed,"","NBT002010224","PLAINFIELD",0,0,"7:00",1,0,"North Brunswick","1/4/2024",12800,18,202713,19,08:20 Thu,"","62992101","",0:27,""
2,2,"1/3/2024",08:00 Wed,"553-01","HUSTON LUMBER SUPPLY","2 INTERHAVEN AVE","PLAINFIELD","USANJ","07060-3603","27354356",40.627390,-74.443810,"",0:15,"1/3/2024",09:23 Wed,20456,"North Brunswick","T002","1/3/2024",09:38 Wed,"","NBT002010224","WATCHUNG",0,0,"7:00",2,0,"North Brunswick","1/4/2024",81,1,0,12,08:20 Thu,"","127249RJ/WARRANTY","",0:20,""
2,3,"1/3/2024",08:00 Wed,"553-00","HUSTON LUMBER SUPPLY","2 INTERHAVEN","WATCHUNG","USANJ","7069","27339098",40.628920,-74.442180,"",0:15,"1/3/2024",09:40 Wed,20456,"North Brunswick","T002","1/3/2024",09:55 Wed,"","NBT002010224","KENVIL",0,0,"7:00",3,0,"North Brunswick","1/4/2024",539,1,66437,0,08:20 Thu,"","128408PF","",0:02,""
2,4,"1/3/2024",08:00 Wed,"1662-04","BLUE RIDGE LUMBER","742 US HIGHWAY 46","KENVIL","USANJ","07847-2629","27354751",40.879410,-74.630840,"",0:15,"1/3/2024",10:43 Wed,20456,"North Brunswick","T002","1/3/2024",10:58 Wed,"","NBT002010224","MAHWAH",0,0,"7:00",4,0,"North Brunswick","1/4/2024",1,2,990,34,08:20 Thu,"","37504","",0:48,""
2,5,"1/3/2024",08:00 Wed,"34510963-00","HOME DEPOT 0963","465 STATE HIGHWAY 17","MAHWAH","USANJ","7430","27341420",41.089033,-74.154144,"",0:15,"1/3/2024",11:49 Wed,20456,"North Brunswick","T002","1/3/2024",12:04 Wed,"","NBT002010224","MAHWAH",0,0,"7:00",5,0,"North Brunswick","1/4/2024",218,1,27595,42,08:20 Thu,"","63511877","",0:51,""
2,6,"1/3/2024",08:00 Wed,"34510963-00","HOME DEPOT 0963","465 STATE HIGHWAY 17","MAHWAH","USANJ","7430","27360685",41.089033,-74.154144,"",0:15,"1/3/2024",12:04 Wed,20456,"North Brunswick","T002","1/3/2024",12:25 Wed,"","NBT002010224","FAIR LAWN",0,0,"7:00",5,0,"North Brunswick","1/4/2024",12800,25,323920,42,08:20 Thu,"","63992101","",0:00,""
2,7,"1/3/2024",08:00 Wed,"1662-09","BLUE RIDGE LUMBER","22-09 ROSALIE ST","FAIR LAWN","USANJ","07410-3037","27359603",40.923750,-74.114260,"",0:15,"1/3/2024",12:48 Wed,20456,"North Brunswick","T002","1/3/2024",13:03 Wed,"","NBT002010224","RAHWAY",0,0,"7:00",6,0,"North Brunswick","1/4/2024",1,6,0,15,08:20 Thu,"","53975","",0:23,""
2,8,"1/3/2024",08:00 Wed,"17085-09","ABC Supply-Rathway #448","700 E LINCOLN AVE","RAHWAY","USANJ","07065-5712","27308722",40.608728,-74.257690,"",0:15,"1/4/2024",07:00 Thu,20456,"North Brunswick","T002","1/4/2024",07:16 Thu,"","NBT002010224","RAHWAY",1,0,"7:00",7,0,"North Brunswick","1/4/2024",810,34,97640,28,08:20 Thu,"","99999592","",0:45,""
2,9,"1/3/2024",08:00 Wed,"17085-09","ABC Supply-Rathway #448","700 E LINCOLN AVE","RAHWAY","USANJ","07065-5712","27354595",40.608728,-74.257690,"",0:15,"1/4/2024",07:16 Thu,20456,"North Brunswick","T002","1/4/2024",07:18 Thu,"","NBT002010224","WOODBRIDGE",1,0,"7:00",7,0,"North Brunswick","1/4/2024",1036,2,0,28,08:20 Thu,"","10072724","",0:00,""
2,10,"1/3/2024",08:00 Wed,"34510916-00","HOME DEPOT 0916","373 ROUTE 9 SOUTH","WOODBRIDGE","USANJ","7095","27360634",40.541004,-74.292914,"",0:15,"1/4/2024",07:27 Thu,20456,"North Brunswick","T002","1/4/2024",08:03 Thu,"","NBT002010224","WOODBRIDGE",0,0,"7:00",8,0,"North Brunswick","1/4/2024",12800,25,527826,5,08:20 Thu,"","16992101","",0:09,""
2,11,"1/3/2024",08:00 Wed,"34510916-00","HOME DEPOT 0916","373 ROUTE 9 SOUTH","WOODBRIDGE","USANJ","7095","27357846",40.541004,-74.292914,"",0:15,"1/4/2024",08:03 Thu,20456,"North Brunswick","T002","1/4/2024",08:03 Thu,"","NBT002010224","North Brunswick",0,0,"7:00",8,0,"North Brunswick","1/4/2024",1,2,990,5,08:20 Thu,"","16542135","",0:00,""
3,1,"1/3/2024",06:53 Wed,"34512659-00","2659 Home Depot","1100 Newport Ave","ATTLEBORO","USAMA","02703-7033","27360723",41.899450,-71.355210,"",0:15,"1/3/2024",07:16 Wed,20456,"Cranston","T003","1/3/2024",08:04 Wed,"","NBT003010224","EAST WAREHAM",0,0,"7:00",1,0,"Crantson, RI Domicile","1/3/2024",19300,35,647921,15,12:40 Wed,"","59981390","",0:23,""
3,2,"1/3/2024",06:53 Wed,"34512613-00","2613 Home Depot","2994 Cranberry Hwy","EAST WAREHAM","USAMA","02538-1336","27357473",41.759580,-70.664090,"",0:15,"1/3/2024",08:52 Wed,20456,"Cranston","T003","1/3/2024",09:07 Wed,"","NBT003010224","EAST WAREHAM",1,0,"7:00",2,0,"Crantson, RI Domicile","1/3/2024",67,1,4140,47,12:40 Wed,"","13538121","",0:48,""
3,3,"1/3/2024",06:53 Wed,"34512613-00","2613 Home Depot","2994 Cranberry Hwy","EAST WAREHAM","USAMA","02538-1336","27356722",41.759580,-70.664090,"",0:15,"1/3/2024",09:07 Wed,20456,"Cranston","T003","1/3/2024",09:28 Wed,"","NBT003010224","NORTH DARTMOUTH",1,0,"7:00",2,0,"Crantson, RI Domicile","1/3/2024",12800,27,496918,47,12:40 Wed,"","13981242","",0:00,""
3,4,"1/3/2024",06:53 Wed,"34512673-00","2673 Home Depot","470 State Rd","NORTH DARTMOUTH","USAMA","02747-4308","27360534",41.640804,-71.003502,"",0:15,"1/3/2024",10:00 Wed,20456,"Cranston","T003","1/3/2024",10:48 Wed,"","NBT003010224","COVENTRY",0,0,"10:00",3,0,"Crantson, RI Domicile","1/3/2024",19300,35,612468,24,12:40 Wed,"","73981390","",0:33,""
3,5,"1/3/2024",06:53 Wed,"34514279-00","4279 Home Depot","700 Centre of NE Blvd","COVENTRY","USARI","2816","27360523",41.701853,-71.592666,"",0:15,"1/3/2024",11:52 Wed,20456,"Cranston","T003","1/3/2024",12:08 Wed,"","NBT003010224","Cranston",0,0,"8:00",4,0,"Crantson, RI Domicile","1/3/2024",978,2,37192,46,12:40 Wed,"","79981390","",1:04,""
4,1,"1/3/2024",08:00 Wed,"34512608-00","2608 Home Depot","465 Centre St","QUINCY","USAMA","02169-7530","27360630",42.232402,-71.009451,"",0:15,"1/3/2024",08:35 Wed,20456,"Norton","T004","1/3/2024",09:23 Wed,"","NBT004010224","EVERETT",0,0,"7:00",1,0,"Norton, MA Domicile","1/4/2024",19300,34,459538,29,12:07 Thu,"","08981390","",0:35,""
4,2,"1/3/2024",08:00 Wed,"34512688-00","2688 Home Depot","1 Mystic View Rd","EVERETT","USAMA","02149-2428","27360653",42.400850,-71.071260,"",0:15,"1/3/2024",09:49 Wed,20456,"Norton","T004","1/3/2024",10:25 Wed,"","NBT004010224","DANVERS",0,0,"7:00",2,0,"Norton, MA Domicile","1/4/2024",12800,17,333659,15,12:07 Thu,"","88981390","",0:26,""
4,3,"1/3/2024",08:00 Wed,"34512663-00","2663 Home Depot","92 Newbury St","DANVERS","USAMA","01923-1035","27360528",42.563390,-70.976390,"",0:15,"1/3/2024",10:53 Wed,20456,"Norton","T004","1/3/2024",11:18 Wed,"","NBT004010224","EAST HAMPSTEAD",0,0,"7:00",3,0,"Norton, MA Domicile","1/4/2024",6400,8,118446,15,12:07 Thu,"","63981390","",0:28,""
4,4,"1/3/2024",08:00 Wed,"20555-00","East Coast Lumber & Building Supply Co.","4 COLONIAL DR STE 111","EAST HAMPSTEAD","USANH","03826-2466","27357780",42.881136,-71.128379,"",0:15,"1/3/2024",12:05 Wed,20456,"Norton","T004","1/3/2024",12:20 Wed,"","NBT004010224","MANCHESTER",0,0,"7:00",4,0,"Norton, MA Domicile","1/4/2024",1,1,0,27,12:07 Thu,"","941061","",0:47,""
4,5,"1/3/2024",08:00 Wed,"34513482-00","3482 Home Depot","129 March Ave","MANCHESTER","USANH","03103-4010","27360487",42.958518,-71.444680,"",0:15,"1/3/2024",12:55 Wed,20456,"Norton","T004","1/3/2024",13:20 Wed,"","NBT004010224","HOOKSETT",0,0,"7:00",5,0,"Norton, MA Domicile","1/4/2024",6400,11,132154,25,12:07 Thu,"","82982377","",0:35,""
4,6,"1/3/2024",08:00 Wed,"34513403-00","3403 Home Depot","300 Quality Dr","HOOKSETT","USANH","03106-2650","27360538",43.046498,-71.459170,"",0:15,"1/3/2024",13:32 Wed,20456,"Norton","T004","1/3/2024",13:57 Wed,"","NBT004010224","CONCORD",0,0,"6:00",6,0,"Norton, MA Domicile","1/4/2024",6400,8,166145,8,12:07 Thu,"","03982377","",0:13,""
4,7,"1/3/2024",08:00 Wed,"9731-02","Big Jims Home Center Bargain Outlet Inc","287 S MAIN ST","CONCORD","USANH","03301-3460","27355047",43.192250,-71.532000,"",0:15,"1/3/2024",14:13 Wed,20456,"Norton","T004","1/3/2024",14:28 Wed,"","NBT004010224","CONCORD",0,0,"7:00",7,0,"Norton, MA Domicile","1/4/2024",1,1,2875,12,12:07 Thu,"","gagnon","",0:16,""
4,8,"1/3/2024",08:00 Wed,"34513485-00","3485 Home Depot","42 Damante Dr","CONCORD","USANH","03301-5759","27360714",43.220285,-71.486599,"",0:15,"1/3/2024",14:43 Wed,20456,"Norton","T004","1/3/2024",15:08 Wed,"","NBT004010224","NORTH HAVERHILL",0,0,"7:00",8,0,"Norton, MA Domicile","1/4/2024",6400,10,191636,7,12:07 Thu,"","85982377","",0:15,""
4,9,"1/3/2024",08:00 Wed,"6665-00","Deep Water Ventures LLC","1139 Clark Pond Rd","NORTH HAVERHILL","USANH","03774-4665","27345893",44.097331,-72.018284,"",0:15,"1/4/2024",07:00 Thu,20456,"Norton","T004","1/4/2024",07:15 Thu,"","NBT004010224","MERRIMACK",0,0,"7:00",9,0,"Norton, MA Domicile","1/4/2024",113,1,14456,113,12:07 Thu,"","hanley celler","",2:06,""
4,10,"1/3/2024",08:00 Wed,"34513486-00","3486 Home Depot","721 Milford Rd","MERRIMACK","USANH","03054-4611","27360544",42.804460,-71.548930,"",0:15,"1/4/2024",09:47 Thu,20456,"Norton","T004","1/4/2024",10:12 Thu,"","NBT004010224","NASHUA",0,0,"7:00",10,0,"Norton, MA Domicile","1/4/2024",6400,6,133672,142,12:07 Thu,"","86982377","",2:32,""
4,11,"1/3/2024",08:00 Wed,"34513484-00","3484 Home Depot","12 Coliseum Ave","NASHUA","USANH","03063-3236","27360632",42.765490,-71.497500,"",0:15,"1/4/2024",10:22 Thu,20456,"Norton","T004","1/4/2024",10:41 Thu,"","NBT004010224","Norton",0,0,"7:00",11,0,"Norton, MA Domicile","1/4/2024",2554,5,101300,4,12:07 Thu,"","84982377","",0:10,""
5,1,"1/3/2024",05:42 Wed,"34516213-00","6213 Home Depot","656 RESERVOIR AVE","BRIDGEPORT","USACT","06606-3981","27360616",41.209463,-73.191758,"",0:15,"1/3/2024",07:47 Wed,20456,"North Brunswick","T005","1/3/2024",08:44 Wed,"","NBT005010224","DERBY",0,0,"7:00",1,0,"North Brunswick","1/4/2024",19300,36,585144,100,10:45 Thu,"","13981655","",2:05,""
5,2,"1/3/2024",05:42 Wed,"34516226-00","6226 Home Depot","117 Main St","DERBY","USACT","06418-1932","27360596",41.319700,-73.086380,"",0:15,"1/3/2024",08:58 Wed,20456,"North Brunswick","T005","1/3/2024",09:40 Wed,"","NBT005010224","DERBY",0,0,"7:00",2,0,"North Brunswick","1/4/2024",12800,19,281951,10,10:45 Thu,"","26981655","",0:15,""
5,3,"1/3/2024",05:42 Wed,"34516226-00","6226 Home Depot","117 Main St","DERBY","USACT","06418-1932","27357522",41.319700,-73.086380,"",0:15,"1/3/2024",09:40 Wed,20456,"North Brunswick","T005","1/3/2024",10:02 Wed,"","NBT005010224","WATERBURY",0,0,"7:00",2,0,"North Brunswick","1/4/2024",10520,28,610244,10,10:45 Thu,"","26537490","",0:00,""
5,4,"1/3/2024",05:42 Wed,"34516212-00","6212 Home Depot","575 Bank St","WATERBURY","USACT","06708-3570","27360551",41.547585,-73.043508,"",0:15,"1/3/2024",10:25 Wed,20456,"North Brunswick","T005","1/3/2024",11:36 Wed,"","NBT005010224","BLOOMFIELD",0,0,"7:00",3,0,"North Brunswick","1/4/2024",25700,48,794858,17,10:45 Thu,"","12981655","",0:22,""
5,5,"1/3/2024",05:42 Wed,"34516228-00","6228 Home Depot","55 Granby St","BLOOMFIELD","USACT","06002-3511","27360508",41.813672,-72.708850,"",0:15,"1/3/2024",12:23 Wed,20456,"North Brunswick","T005","1/3/2024",12:59 Wed,"","NBT005010224","SOUTH WINDSOR",0,0,"7:00",4,0,"North Brunswick","1/4/2024",12800,21,349674,36,10:45 Thu,"","28981655","",0:47,""
5,6,"1/3/2024",05:42 Wed,"34514284-503","J & J TRI-STATE","1640 JOHN FITCH BLVD","SOUTH WINDSOR","USACT","06074-1019","27341377",41.851931,-72.599843,"",0:45,"1/3/2024",13:15 Wed,20456,"North Brunswick","T005","1/3/2024",14:14 Wed,"","NBT005010224","BERLIN",0,0,"7:30",5,0,"North Brunswick","1/4/2024",8340,5,308571,8,10:45 Thu,"","84523754","",0:17,""
5,7,"1/3/2024",05:42 Wed,"34516203-00","6203 Home Depot","225 BERLIN TPKE","BERLIN","USACT","06037-1505","27360611",41.644783,-72.731405,"",0:15,"1/3/2024",14:42 Wed,20456,"North Brunswick","T005","1/3/2024",15:10 Wed,"","NBT005010224","STRATFORD",0,0,"6:00",6,0,"North Brunswick","1/4/2024",6400,9,157569,20,10:45 Thu,"","03981655","",0:27,""
5,8,"1/3/2024",05:42 Wed,"34516225-00","6225 Home Depot","350 Barnum Avenue Cutoff","STRATFORD","USACT","06614-5113","27360527",41.198925,-73.119915,"",0:15,"1/3/2024",16:00 Wed,20456,"North Brunswick","T005","1/3/2024",16:42 Wed,"","NBT005010224","STRATFORD",0,0,"7:00",7,0,"North Brunswick","1/4/2024",12800,18,302655,42,10:45 Thu,"","25981655","",0:50,""
5,9,"1/3/2024",05:42 Wed,"34516225-00","6225 Home Depot","350 Barnum Avenue Cutoff","STRATFORD","USACT","06614-5113","27357398",41.198925,-73.119915,"",0:15,"1/3/2024",16:42 Wed,20456,"North Brunswick","T005","1/3/2024",16:42 Wed,"","NBT005010224","STRATFORD",0,0,"7:00",7,0,"North Brunswick","1/4/2024",1,1,2295,42,10:45 Thu,"","25531714","",0:00,""
5,10,"1/3/2024",05:42 Wed,"34516225-00","6225 Home Depot","350 Barnum Avenue Cutoff","STRATFORD","USACT","06614-5113","27342432",41.198925,-73.119915,"",0:15,"1/3/2024",16:42 Wed,20456,"North Brunswick","T005","1/3/2024",16:42 Wed,"","NBT005010224","Fairfield",0,0,"7:00",7,0,"North Brunswick","1/4/2024",322,1,24681,42,10:45 Thu,"","25531537","",0:00,""
5,11,"1/3/2024",05:42 Wed,"34516206-00","6206 Home Depot","541 Kings Highway Cutoff","Fairfield","USACT","06824-5305","27360588",41.159960,-73.241360,"",0:15,"1/4/2024",08:00 Thu,20456,"North Brunswick","T005","1/4/2024",08:42 Thu,"","NBT005010224","North Brunswick",0,0,"8:00",8,0,"North Brunswick","1/4/2024",12800,20,274669,8,10:45 Thu,"","06981655","",0:11,""
6,1,"1/3/2024",08:00 Wed,"34516178-00","HOME DEPOT 6178","184 ROUTE 9","FISHKILL","USANY","12524-2962","27360486",41.519750,-73.888950,"",0:15,"1/3/2024",09:53 Wed,20456,"North Brunswick","T006","1/3/2024",10:18 Wed,"","NBT006010224","WAPPINGERS FALLS",0,0,"7:00",1,0,"North Brunswick","1/4/2024",6400,7,123893,100,13:29 Thu,"","78973500","",1:53,""
6,2,"1/3/2024",08:00 Wed,"34511207-00","HOME DEPOT 1207","1202 ROUTE 9","WAPPINGERS FALLS","USANY","12590-4968","27360568",41.575680,-73.909290,"",0:15,"1/3/2024",10:26 Wed,20456,"North Brunswick","T006","1/3/2024",10:51 Wed,"","NBT006010224","RENSSELAER",0,0,"7:00",2,0,"North Brunswick","1/4/2024",6400,10,132428,4,13:29 Thu,"","07973500","",0:08,""
6,3,"1/3/2024",08:00 Wed,"34511263-00","HOME DEPOT 1263","600 N GREENBUSH RD","RENSSELAER","USANY","12144-8412","27360562",42.646425,-73.697735,"",0:15,"1/3/2024",12:34 Wed,20456,"North Brunswick","T006","1/3/2024",13:10 Wed,"","NBT006010224","CLIFTON PARK",0,0,"7:00",3,0,"North Brunswick","1/4/2024",12800,24,436825,92,13:29 Thu,"","63973999","",1:43,""
6,4,"1/3/2024",08:00 Wed,"34511269-00","Home Depot 1269","4 HALFMOON CROSSING BLVD","CLIFTON PARK","USANY","12065-4171","27360516",42.858240,-73.768380,"",0:15,"1/3/2024",13:35 Wed,20456,"North Brunswick","T006","1/3/2024",13:53 Wed,"","NBT006010224","SARATOGA SPRINGS",0,0,"8:00",4,0,"North Brunswick","1/4/2024",2268,5,92512,20,13:29 Thu,"","69973999","",0:25,""
6,5,"1/3/2024",08:00 Wed,"34511223-00","HOME DEPOT #1223","3042 ROUTE 50","SARATOGA SPRINGS","USANY","12866-2906","27360530",43.102960,-73.744040,"",0:15,"1/3/2024",14:14 Wed,20456,"North Brunswick","T006","1/3/2024",14:39 Wed,"","NBT006010224","QUEENSBURY",0,0,"7:00",5,0,"North Brunswick","1/4/2024",6400,9,166608,18,13:29 Thu,"","23973999","",0:21,""
6,6,"1/3/2024",08:00 Wed,"34516160-00","HOME DEPOT 6160","820 STATE ROUTE 9","QUEENSBURY","USANY","12804-1766","27360617",43.330860,-73.674930,"",0:15,"1/3/2024",14:59 Wed,20456,"North Brunswick","T006","1/3/2024",15:24 Wed,"","NBT006010224","QUEENSBURY",0,0,"6:00",6,0,"North Brunswick","1/4/2024",6400,15,227427,18,13:29 Thu,"","60973999","",0:20,""
6,7,"1/3/2024",08:00 Wed,"34516160-00","HOME DEPOT 6160","820 STATE ROUTE 9","QUEENSBURY","USANY","12804-1766","27340866",43.330860,-73.674930,"",0:15,"1/3/2024",15:24 Wed,20456,"North Brunswick","T006","1/3/2024",15:24 Wed,"","NBT006010224","AMSTERDAM",0,0,"6:00",6,0,"North Brunswick","1/4/2024",69,1,12469,18,13:29 Thu,"","60522395","",0:00,""
6,8,"1/3/2024",08:00 Wed,"34511289-00","HOME DEPOT 1289","135 HANNAFORD PLZ","AMSTERDAM","USANY","12010-7548","27360526",42.966940,-74.184330,"",0:15,"1/4/2024",08:00 Thu,20456,"North Brunswick","T006","1/4/2024",08:36 Thu,"","NBT006010224","SCHENECTADY",0,0,"8:00",7,0,"North Brunswick","1/4/2024",12800,19,315122,49,13:29 Thu,"","89973999","",1:06,""
6,9,"1/3/2024",08:00 Wed,"34511239-00","Home Depot 1239","2500 CAMBRIDGE RD","SCHENECTADY","USANY","12304-3430","27360494",42.782603,-73.914375,"",0:15,"1/4/2024",09:07 Thu,20456,"North Brunswick","T006","1/4/2024",09:43 Thu,"","NBT006010224","ALBANY",0,0,"8:00",8,0,"North Brunswick","1/4/2024",12800,24,370264,22,13:29 Thu,"","39973999","",0:31,""
6,10,"1/3/2024",08:00 Wed,"34511241-00","HOME DEPOT 1241","161 WASHINGTON AVENUE EXT","ALBANY","USANY","12205-5601","27360636",42.695680,-73.848780,"",0:15,"1/4/2024",09:58 Thu,20456,"North Brunswick","T006","1/4/2024",10:23 Thu,"","NBT006010224","North Brunswick",0,0,"8:00",9,0,"North Brunswick","1/4/2024",6400,6,89925,10,13:29 Thu,"","41973999","",0:15,""
7,1,"1/3/2024",07:03 Wed,"34511252-00","HOME DEPOT 1252","798 MAIN ST","JOHNSON CITY","USANY","13790-1767","27358615",42.118140,-75.981270,"",0:15,"1/3/2024",10:12 Wed,20456,"North Brunswick","T007","1/3/2024",10:27 Wed,"","NBT007010224","ONEONTA",0,0,"8:00",1,0,"North Brunswick","1/5/2024",1,2,3,187,06:21 Fri,"","52514887","",3:10,""
7,2,"1/3/2024",07:03 Wed,"34516173-00","HOME DEPOT 6173","659 STATE HIGHWAY 28","ONEONTA","USANY","13820-3561","27355566",42.445060,-75.059100,"",0:15,"1/3/2024",11:31 Wed,20456,"North Brunswick","T007","1/3/2024",11:56 Wed,"","NBT007010224","NEW HARTFORD",0,0,"7:00",2,0,"North Brunswick","1/5/2024",6400,6,110622,62,06:21 Fri,"","73973846","",1:03,""
7,3,"1/3/2024",07:03 Wed,"34511254-00","HOME DEPOT 1254","545 FRENCH RD","NEW HARTFORD","USANY","13413-1043","27360622",43.090180,-75.278100,"",0:15,"1/3/2024",13:19 Wed,20456,"North Brunswick","T007","1/3/2024",13:34 Wed,"","NBT007010224","EAST SYRACUSE",0,0,"7:00",3,0,"North Brunswick","1/5/2024",156,3,25911,66,06:21 Fri,"","54977006","",1:23,""
7,4,"1/3/2024",07:03 Wed,"34511236-00","HOME DEPOT 1236","5814 BRIDGE ST","EAST SYRACUSE","USANY","13057-2923","27360514",43.052670,-76.069060,"",0:15,"1/3/2024",14:30 Wed,20456,"North Brunswick","T007","1/3/2024",15:18 Wed,"","NBT007010224","CARTHAGE",0,0,"8:00",4,0,"North Brunswick","1/5/2024",19300,28,380585,48,06:21 Fri,"","36977006","",0:56,""
7,5,"1/3/2024",07:03 Wed,"2258-00","FARNEYS HOME & BLDG CTR","11099 STATE ROUTE 26","CARTHAGE","USANY","13619-3207","27322226",43.956013,-75.613732,"",0:15,"1/3/2024",17:00 Wed,20456,"North Brunswick","T007","1/3/2024",17:15 Wed,"","NBT007010224","MASSENA",0,0,"7:00",5,0,"North Brunswick","1/5/2024",515,1,43319,90,06:21 Fri,"","841216MOSER","",1:42,""
7,6,"1/3/2024",07:03 Wed,"34518996-00","HOME DEPOT 8996","41 STEPHENVILLE ST","MASSENA","USANY","13662-2705","27355583",44.924350,-74.878470,"",0:15,"1/4/2024",07:00 Thu,20456,"North Brunswick","T007","1/4/2024",07:25 Thu,"","NBT007010224","MEXICO",0,0,"7:00",6,0,"North Brunswick","1/5/2024",6400,8,114015,93,06:21 Fri,"","96976821","",2:12,""
7,7,"1/3/2024",07:03 Wed,"110221-00B000B0","BFS LBR YD 00B000B0","5818 SCENIC AVE","MEXICO","USANY","13114-3515","27338003",43.468180,-76.232600,"",0:15,"1/4/2024",10:12 Thu,20456,"North Brunswick","T007","1/4/2024",10:28 Thu,"","NBT007010224","CICERO",0,0,"7:00",7,0,"North Brunswick","1/5/2024",1074,6,61008,137,06:21 Fri,"","37621266","",2:47,""
7,8,"1/3/2024",07:03 Wed,"34511235-00","HOME DEPOT 1235","7922 US HIGHWAY 11","CICERO","USANY","13039","27360684",43.163050,-76.119670,"",0:15,"1/4/2024",10:59 Thu,20456,"North Brunswick","T007","1/4/2024",11:18 Thu,"","NBT007010224","LIVERPOOL",0,0,"7:00",8,0,"North Brunswick","1/5/2024",2335,5,99063,26,06:21 Fri,"","35977006","",0:31,""
7,9,"1/3/2024",07:03 Wed,"34516153-00","HOME DEPOT 6153","3861 STATE ROUTE 31","LIVERPOOL","USANY","13090-1309","27360586",43.184901,-76.245539,"",0:15,"1/4/2024",11:30 Thu,20456,"North Brunswick","T007","1/4/2024",11:55 Thu,"","NBT007010224","CAMILLUS",1,0,"7:00",9,0,"North Brunswick","1/5/2024",6400,10,167150,8,06:21 Fri,"","53977006","",0:12,""
7,10,"1/3/2024",07:03 Wed,"34511257-00","HOME DEPOT 1257","3756 MILTON AVE","CAMILLUS","USANY","13031-1771","27360598",43.052375,-76.263950,"",0:15,"1/4/2024",12:23 Thu,20456,"North Brunswick","T007","1/4/2024",12:59 Thu,"","NBT007010224","AUBURN",0,0,"7:00",10,0,"North Brunswick","1/5/2024",12800,18,378061,14,06:21 Fri,"","57977006","",0:28,""
7,11,"1/3/2024",07:03 Wed,"34516846-00","HOME DEPOT 6846","1634 CLARK STREET RD","AUBURN","USANY","13021-9520","27361830",42.928071,-76.609627,"",0:15,"1/4/2024",13:33 Thu,20456,"North Brunswick","T007","1/4/2024",13:58 Thu,"","NBT007010224","AUBURN",0,0,"8:00",11,0,"North Brunswick","1/5/2024",6400,10,137014,22,06:21 Fri,"","46977042","",0:35,""
7,12,"1/3/2024",07:03 Wed,"34516846-00","HOME DEPOT 6846","1634 CLARK STREET RD","AUBURN","USANY","13021-9520","27355767",42.928071,-76.609627,"",0:15,"1/4/2024",13:58 Thu,20456,"North Brunswick","T007","1/4/2024",13:59 Thu,"","NBT007010224","PAINTED POST",0,0,"8:00",11,0,"North Brunswick","1/5/2024",823,2,38672,22,06:21 Fri,"","46976821","",0:00,""
7,13,"1/3/2024",07:03 Wed,"34516159-00","HOME DEPOT 6159","3160 SILVERBACK LN","PAINTED POST","USANY","14870-8907","27360553",42.154190,-77.104020,"",0:15,"1/4/2024",15:50 Thu,20456,"North Brunswick","T007","1/4/2024",16:05 Thu,"","NBT007010224","North Brunswick",0,0,"8:00",12,0,"North Brunswick","1/5/2024",580,1,20761,81,06:21 Fri,"","59977006","",1:51,""
8,1,"1/3/2024",05:52 Wed,"34511220-00","HOME DEPOT 1220","7509 WOODHAVEN BLVD","FLUSHING","USANY","11385-7945","27360556",40.709860,-73.859760,"",0:15,"1/3/2024",07:00 Wed,20456,"North Brunswick","T008","1/3/2024",07:36 Wed,"","NBT008010224","FLUSHING",0,0,"7:00",1,0,"North Brunswick","1/3/2024",12800,17,300612,45,11:11 Wed,"","20997912","",1:08,""
8,2,"1/3/2024",05:52 Wed,"34511214-00","HOME DEPOT 1214","13135 AVERY AVE","FLUSHING","USANY","11355-4930","27360593",40.752205,-73.834805,"",0:15,"1/3/2024",07:51 Wed,20456,"North Brunswick","T008","1/3/2024",08:39 Wed,"","NBT008010224","FLUSHING",0,0,"7:00",2,0,"North Brunswick","1/3/2024",19300,38,576575,5,11:11 Wed,"","14997912","",0:15,""
8,3,"1/3/2024",05:52 Wed,"34511214-00","HOME DEPOT 1214","13135 AVERY AVE","FLUSHING","USANY","11355-4930","27357437",40.752205,-73.834805,"",0:15,"1/3/2024",08:39 Wed,20456,"North Brunswick","T008","1/3/2024",08:39 Wed,"","NBT008010224","STATEN ISLAND",0,0,"7:00",2,0,"North Brunswick","1/3/2024",1,1,0,5,11:11 Wed,"","14514269","",0:00,""
8,4,"1/3/2024",05:52 Wed,"34511249-00","HOME DEPOT 1249","2501 FOREST AVE","STATEN ISLAND","USANY","10303-1507","27360503",40.627560,-74.172040,"",0:15,"1/3/2024",09:33 Wed,20456,"North Brunswick","T008","1/3/2024",10:43 Wed,"","NBT008010224","North Brunswick",0,0,"7:00",3,0,"North Brunswick","1/3/2024",32100,50,903468,30,11:11 Wed,"","49997912","",0:54,""
9,1,"1/3/2024",07:43 Wed,"4405-00","GREATER WD & DRS INC","1302 60TH ST","BROOKLYN","USANY","11219-5018","27347391",40.628482,-73.997944,"",0:15,"1/3/2024",08:30 Wed,20456,"North Brunswick","T009","1/3/2024",09:37 Wed,"","NBT009010224","BROOKLYN",0,0,"8:30",1,0,"North Brunswick","1/3/2024",30677,32,1510976,33,12:30 Wed,"","SB228417","",0:47,""
9,2,"1/3/2024",07:43 Wed,"34511225-00","HOME DEPOT #1225","550 HAMILTON AVE","BROOKLYN","USANY","11232-1034","27360676",40.667237,-73.996301,"",0:15,"1/3/2024",09:50 Wed,20456,"North Brunswick","T009","1/3/2024",10:38 Wed,"","NBT009010224","STATEN ISLAND",0,0,"8:00",2,0,"North Brunswick","1/3/2024",19300,28,447716,4,12:30 Wed,"","25997912","",0:13,""
9,3,"1/3/2024",07:43 Wed,"34516150-00","HOME DEPOT 6150","545 TARGEE ST","STATEN ISLAND","USANY","10304-3567","27360610",40.612730,-74.085010,"",0:15,"1/3/2024",10:54 Wed,20456,"North Brunswick","T009","1/3/2024",11:53 Wed,"","NBT009010224","North Brunswick",0,0,"7:00",3,0,"North Brunswick","1/3/2024",25700,48,697609,8,12:30 Wed,"","50978055","",0:16,""
10,1,"1/3/2024",06:11 Wed,"34511256-00","HOME DEPOT 1256","2970 CROPSEY AVE","BROOKLYN","USANY","11214-7218","27360531",40.582970,-73.986410,"",0:15,"1/3/2024",07:00 Wed,20456,"North Brunswick","T010","1/3/2024",07:36 Wed,"","NBT010010224","BAY SHORE",0,0,"7:00",1,0,"North Brunswick","1/3/2024",12800,21,340954,34,13:48 Wed,"","56997912","",0:49,""
10,2,"1/3/2024",06:11 Wed,"34511211-00","HOME DEPOT 1211","1881 SUNRISE HWY","BAY SHORE","USANY","11706-6017","27360614",40.738630,-73.234850,"",0:15,"1/3/2024",08:42 Wed,20456,"North Brunswick","T010","1/3/2024",09:52 Wed,"","NBT010010224","FARMINGDALE",0,0,"7:00",2,0,"North Brunswick","1/3/2024",32100,60,1125760,48,13:48 Wed,"","11991957","",1:06,""
10,3,"1/3/2024",06:11 Wed,"34511267-00","HOME DEPOT 1267","202 AIRPORT PLAZA BLVD","FARMINGDALE","USANY","11735-3946","27360607",40.736330,-73.418730,"",0:15,"1/3/2024",10:09 Wed,20456,"North Brunswick","T010","1/3/2024",10:57 Wed,"","NBT010010224","HEMPSTEAD",0,0,"9:30",3,0,"North Brunswick","1/3/2024",19300,34,632829,12,13:48 Wed,"","67991957","",0:17,""
10,4,"1/3/2024",06:11 Wed,"34511274-00","HOME DEPOT 1274","172 FULTON AVE","HEMPSTEAD","USANY","11550-3708","27360638",40.707332,-73.629866,"",0:15,"1/3/2024",11:21 Wed,20456,"North Brunswick","T010","1/3/2024",12:20 Wed,"","NBT010010224","North Brunswick",0,0,"7:00",4,0,"North Brunswick","1/3/2024",25700,47,760606,14,13:48 Wed,"","74991957","",0:24,""
11,1,"1/3/2024",05:14 Wed,"34516841-00","HOME DEPOT 6841","2615 GREEN TECH DR","STATE COLLEGE","USAPA","16803-2323","27360663",40.813357,-77.923806,"",0:15,"1/3/2024",09:11 Wed,20456,"North Brunswick","T011","1/3/2024",09:36 Wed,"","NBT011010224","PARKESBURG",0,0,"7:00",1,0,"North Brunswick","1/4/2024",6400,7,108441,244,08:35 Thu,"","41972804","",3:57,""
11,2,"1/3/2024",05:14 Wed,"34518955-00","HOME DEPOT 8955","500 COMMONS DR","PARKESBURG","USAPA","19365-2158","27360569",39.981250,-75.934979,"",0:15,"1/3/2024",12:22 Wed,20456,"North Brunswick","T011","1/3/2024",12:47 Wed,"","NBT011010224","KING OF PRUSSIA",0,0,"7:00",2,0,"North Brunswick","1/4/2024",6400,9,142300,148,08:35 Thu,"","55972804","",2:46,""
11,3,"1/3/2024",05:14 Wed,"34514188-00","HOME DEPOT 4188","181 S GULPH RD","KING OF PRUSSIA","USAPA","19406-3103","27360665",40.083409,-75.383787,"",0:15,"1/3/2024",13:24 Wed,20456,"North Brunswick","T011","1/3/2024",13:49 Wed,"","NBT011010224","BROOMALL",0,0,"8:00",3,0,"North Brunswick","1/4/2024",6400,6,139865,31,08:35 Thu,"","88972089","",0:36,""
11,4,"1/3/2024",05:14 Wed,"34514181-00","HOME DEPOT 4181","700 REED RD","BROOMALL","USAPA","19008-3507","27358425",39.957635,-75.354381,"",0:15,"1/3/2024",14:13 Wed,20456,"North Brunswick","T011","1/3/2024",14:28 Wed,"","NBT011010224","BROOMALL",0,0,"7:00",4,0,"North Brunswick","1/4/2024",1,1,2,14,08:35 Thu,"","81530011","",0:24,""
11,5,"1/3/2024",05:14 Wed,"34514181-00","HOME DEPOT 4181","700 REED RD","BROOMALL","USAPA","19008-3507","27360635",39.957635,-75.354381,"",0:15,"1/3/2024",14:28 Wed,20456,"North Brunswick","T011","1/3/2024",14:38 Wed,"","NBT011010224","CONSHOHOCKEN",0,0,"7:00",4,0,"North Brunswick","1/4/2024",6400,7,103650,14,08:35 Thu,"","81972089","",0:00,""
11,6,"1/3/2024",05:14 Wed,"34514106-00","HOME DEPOT 4106","200 ALAN WOOD RD","CONSHOHOCKEN","USAPA","19428-1137","27360493",40.095852,-75.307650,"",0:15,"1/3/2024",15:00 Wed,20456,"North Brunswick","T011","1/3/2024",15:36 Wed,"","NBT011010224","WARRINGTON",0,0,"7:00",5,0,"North Brunswick","1/4/2024",12800,19,290726,12,08:35 Thu,"","06972089","",0:22,""
11,7,"1/3/2024",05:14 Wed,"34514143-00","HOME DEPOT 4143","650 EASTON RD","WARRINGTON","USAPA","18976-2017","27360533",40.231530,-75.137990,"",0:15,"1/3/2024",16:00 Wed,20456,"North Brunswick","T011","1/3/2024",16:25 Wed,"","NBT011010224","BETHLEHEM",0,0,"7:00",6,0,"North Brunswick","1/4/2024",6400,14,227944,17,08:35 Thu,"","43972089","",0:24,""
11,8,"1/3/2024",05:14 Wed,"17603-06","SHELLY ENTERPRISE BTHLHM","6410 AIRPORT RD","BETHLEHEM","USAPA","18017-9345","27357496",40.683940,-75.414890,"",0:15,"1/4/2024",07:00 Thu,20456,"North Brunswick","T011","1/4/2024",07:15 Thu,"","NBT011010224","North Brunswick",0,0,"7:00",7,0,"North Brunswick","1/4/2024",1,2,2960,41,08:35 Thu,"","113962TO","",1:11,""
12,1,"1/3/2024",07:10 Wed,"34514163-00","HOME DEPOT 4163","145 LEVITTOWN PKWY","LEVITTOWN","USAPA","19055-2455","27359446",40.147430,-74.822800,"",0:15,"1/3/2024",08:00 Wed,20456,"North Brunswick","T012","1/3/2024",08:25 Wed,"","NBT012010224","LEVITTOWN",0,0,"8:00",1,0,"North Brunswick","1/3/2024",6400,15,173843,33,13:28 Wed,"","63972029","",0:50,""
12,2,"1/3/2024",07:10 Wed,"34514163-00","HOME DEPOT 4163","145 LEVITTOWN PKWY","LEVITTOWN","USAPA","19055-2455","27356981",40.147430,-74.822800,"",0:15,"1/3/2024",08:25 Wed,20456,"North Brunswick","T012","1/3/2024",08:27 Wed,"","NBT012010224","FAIRLESS HILLS",0,0,"8:00",1,0,"North Brunswick","1/3/2024",1672,8,142344,33,13:28 Wed,"","63542941","",0:00,""
12,3,"1/3/2024",07:10 Wed,"34514102-00","HOME DEPOT 4102","400 COMMERCE BLVD","FAIRLESS HILLS","USAPA","19030-1025","27360681",40.187110,-74.859770,"",0:15,"1/3/2024",08:42 Wed,20456,"North Brunswick","T012","1/3/2024",09:07 Wed,"","NBT012010224","BENSALEM",0,0,"8:00",2,0,"North Brunswick","1/3/2024",6400,15,256296,9,13:28 Wed,"","02972089","",0:15,""
12,4,"1/3/2024",07:10 Wed,"34514134-00","HOME DEPOT 4134","900 ROCK HILL DR","BENSALEM","USAPA","19020-1629","27360595",40.137890,-74.958384,"",0:15,"1/3/2024",09:18 Wed,20456,"North Brunswick","T012","1/3/2024",09:54 Wed,"","NBT012010224","BENSALEM",0,0,"09:00",3,0,"North Brunswick","1/3/2024",12800,18,292757,7,13:28 Wed,"","34972089","",0:12,""
12,5,"1/3/2024",07:10 Wed,"34514103-00","HOME DEPOT 4103","1336 BRISTOL PIKE","BENSALEM","USAPA","19020-5660","27327927",40.071366,-74.965920,"",0:15,"1/3/2024",10:07 Wed,20456,"North Brunswick","T012","1/3/2024",10:22 Wed,"","NBT012010224","BENSALEM",0,0,"7:00",4,0,"North Brunswick","1/3/2024",6,2,3194,7,13:28 Wed,"","03539830","",0:12,""
12,6,"1/3/2024",07:10 Wed,"34514103-00","HOME DEPOT 4103","1336 BRISTOL PIKE","BENSALEM","USAPA","19020-5660","27360511",40.071366,-74.965920,"",0:15,"1/3/2024",10:22 Wed,20456,"North Brunswick","T012","1/3/2024",10:43 Wed,"","NBT012010224","PHILADELPHIA",0,0,"7:00",4,0,"North Brunswick","1/3/2024",12800,25,363885,7,13:28 Wed,"","03972089","",0:00,""
12,7,"1/3/2024",07:10 Wed,"34514112-00","HOME DEPOT 4112","4640 ROOSEVELT BLVD","PHILADELPHIA","USAPA","19124-2300","27360692",40.027390,-75.099150,"",0:15,"1/3/2024",11:02 Wed,20456,"North Brunswick","T012","1/3/2024",11:38 Wed,"","NBT012010224","PHILADELPHIA",0,0,"7:00",5,0,"North Brunswick","1/3/2024",12800,24,380124,10,13:28 Wed,"","12972089","",0:19,""
12,8,"1/3/2024",07:10 Wed,"34516866-00","HOME DEPOT 6866","11725 BUSTLETON AVE","PHILADELPHIA","USAPA","19116-2515","27360561",40.119456,-75.017684,"",0:15,"1/3/2024",12:00 Wed,20456,"North Brunswick","T012","1/3/2024",12:25 Wed,"","NBT012010224","North Brunswick",0,0,"7:00",6,0,"North Brunswick","1/3/2024",6400,10,141927,9,13:28 Wed,"","66972089","",0:22,""
13,1,"1/7/2024",08:00 Sun,"21171-01","84 LUMBER #1705","2510 BELLWOOD RD","RICHMOND","USAVA","23237-1308","27341931",37.410706,-77.431309,"",0:15,"1/8/2024",07:00 Mon,20456,"North Brunswick","T013","1/8/2024",08:06 Mon,"","NBT013010224","RICHMOND",1,0,"7:00",1,0,"North Brunswick","1/8/2024",30113,34,472720,322,18:41 Mon,"","49000","21171-01",5:28,""
13,2,"1/7/2024",08:00 Sun,"21171-01","84 LUMBER #1705","2510 BELLWOOD RD","RICHMOND","USAVA","23237-1308","27341927",37.410706,-77.431309,"",0:15,"1/8/2024",08:06 Mon,20456,"North Brunswick","T013","1/8/2024",09:13 Mon,"","NBT013010224","RICHMOND",1,0,"7:00",1,0,"North Brunswick","1/8/2024",39125,43,611870,322,18:41 Mon,"","48991","21171-01",0:00,""
13,3,"1/7/2024",08:00 Sun,"21171-01","84 LUMBER #1705","2510 BELLWOOD RD","RICHMOND","USAVA","23237-1308","27339505",37.410706,-77.431309,"",0:15,"1/8/2024",09:13 Mon,20456,"North Brunswick","T013","1/8/2024",10:56 Mon,"","NBT013010224","RICHMOND",1,0,"7:00",1,0,"North Brunswick","1/8/2024",60253,65,853970,322,18:41 Mon,"","48923","21171-01",0:00,""
13,4,"1/7/2024",08:00 Sun,"21171-01","84 LUMBER #1705","2510 BELLWOOD RD","RICHMOND","USAVA","23237-1308","27338225",37.410706,-77.431309,"",0:15,"1/8/2024",10:56 Mon,20456,"North Brunswick","T013","1/8/2024",12:17 Mon,"","NBT013010224","RICHMOND",1,0,"7:00",1,0,"North Brunswick","1/8/2024",47777,56,752868,322,18:41 Mon,"","48888","21171-01",0:00,""
13,5,"1/7/2024",08:00 Sun,"21171-01","84 LUMBER #1705","2510 BELLWOOD RD","RICHMOND","USAVA","23237-1308","27337894",37.410706,-77.431309,"",0:15,"1/8/2024",12:17 Mon,20456,"North Brunswick","T013","1/8/2024",13:14 Mon,"","NBT013010224","North Brunswick",1,0,"7:00",1,0,"North Brunswick","1/8/2024",33564,41,651666,322,18:41 Mon,"","48866","21171-01",0:00,""
14,1,"1/3/2024",04:00 Wed,"34514607-00","HOME DEPOT 4607","7486 STREAM WALK LN","MANASSAS","USAVA","20109-2464","27360712",38.795973,-77.522763,"",0:15,"1/3/2024",07:55 Wed,20456,"North Brunswick","T014","1/3/2024",08:20 Wed,"","NBT014010224","MANASSAS",1,0,"7:00",1,0,"North Brunswick","1/3/2024",6400,12,197281,226,15:00 Wed,"","07988767","",3:55,""
14,2,"1/3/2024",04:00 Wed,"34514607-00","HOME DEPOT 4607","7486 STREAM WALK LN","MANASSAS","USAVA","20109-2464","27350208",38.795973,-77.522763,"",0:15,"1/3/2024",08:20 Wed,20456,"North Brunswick","T014","1/3/2024",08:21 Wed,"","NBT014010224","MANASSAS",1,0,"7:00",1,0,"North Brunswick","1/3/2024",632,1,41606,226,15:00 Wed,"","07504054","",0:00,""
14,3,"1/3/2024",04:00 Wed,"34514648-00","HOME DEPOT 4648","8805 LIBERIA AVE","MANASSAS","USAVA","20110-5299","27360555",38.760480,-77.457310,"",0:15,"1/3/2024",08:40 Wed,20456,"North Brunswick","T014","1/3/2024",09:05 Wed,"","NBT014010224","WOODBRIDGE",1,0,"7:00",2,0,"North Brunswick","1/3/2024",6400,11,214509,5,15:00 Wed,"","48988767","",0:19,""
14,4,"1/3/2024",04:00 Wed,"34514604-00","HOME DEPOT 4604","14025 FOULGER SQ","WOODBRIDGE","USAVA","22192-4255","27355712",38.654848,-77.304425,"",0:15,"1/3/2024",09:44 Wed,20456,"North Brunswick","T014","1/3/2024",10:20 Wed,"","NBT014010224","WOODBRIDGE",1,0,"6:00",3,0,"North Brunswick","1/3/2024",12800,27,553723,12,15:00 Wed,"","04988427","",0:40,""
14,5,"1/3/2024",04:00 Wed,"34514604-00","HOME DEPOT 4604","14025 FOULGER SQ","WOODBRIDGE","USAVA","22192-4255","27353533",38.654848,-77.304425,"",0:15,"1/3/2024",10:20 Wed,20456,"North Brunswick","T014","1/3/2024",10:20 Wed,"","NBT014010224","ALEXANDRIA",1,0,"6:00",3,0,"North Brunswick","1/3/2024",1,2,3370,12,15:00 Wed,"","04507433","",0:00,""
14,6,"1/3/2024",04:00 Wed,"34514638-00","HOME DEPOT 4638","7710 RICHMOND HWY","ALEXANDRIA","USAVA","22306-2803","27360550",38.748780,-77.083520,"",0:15,"1/3/2024",10:51 Wed,20456,"North Brunswick","T014","1/3/2024",11:16 Wed,"","NBT014010224","North Brunswick",1,0,"7:00",4,0,"North Brunswick","1/3/2024",6400,9,171622,15,15:00 Wed,"","38988767","",0:31,""
15,1,"1/3/2024",08:00 Wed,"34512589-00","HOME DEPOT 2589","55 FOREST PLZ","ANNAPOLIS","USAMD","21401-3716","27360703",38.978835,-76.541410,"",0:15,"1/3/2024",11:05 Wed,20456,"North Brunswick","T015","1/3/2024",11:21 Wed,"","NBT015010224","ANNAPOLIS",0,0,"8:00",1,0,"North Brunswick","1/4/2024",861,3,49466,182,12:24 Thu,"","89988767","",3:05,""
15,2,"1/3/2024",08:00 Wed,"34512557-00","HOME DEPOT 2557","145 DEFENSE HWY","ANNAPOLIS","USAMD","21401-7004","27360535",38.985210,-76.554330,"",0:15,"1/3/2024",11:26 Wed,20456,"North Brunswick","T015","1/3/2024",11:51 Wed,"","NBT015010224","WASHINGTON",0,0,"7:00",2,0,"North Brunswick","1/4/2024",6400,8,123328,1,12:24 Thu,"","57988767","",0:05,""
15,3,"1/3/2024",08:00 Wed,"34512583-00","HOME DEPOT 2583","901 RHODE ISLAND AVE NE","WASHINGTON","USADC","20018-1733","27360504",38.921940,-76.993900,"",0:15,"1/3/2024",12:24 Wed,20456,"North Brunswick","T015","1/3/2024",13:00 Wed,"","NBT015010224","COLLEGE PARK",0,0,"6:00",3,0,"North Brunswick","1/4/2024",12800,20,313439,26,12:24 Thu,"","83988767","",0:33,""
15,4,"1/3/2024",08:00 Wed,"34512552-00","HOME DEPOT 2552","4700 CHERRY HILL RD","COLLEGE PARK","USAMD","20740-1330","27360646",39.016390,-76.931380,"",0:15,"1/3/2024",13:22 Wed,20456,"North Brunswick","T015","1/3/2024",13:58 Wed,"","NBT015010224","BETHESDA",0,0,"7:00",4,0,"North Brunswick","1/4/2024",12800,27,448423,13,12:24 Thu,"","52988767","",0:22,""
15,5,"1/3/2024",08:00 Wed,"34512509-00","HOME DEPOT 2509","7111 WESTLAKE TER","BETHESDA","USAMD","20817-1000","27360657",39.026560,-77.144850,"",0:15,"1/3/2024",14:19 Wed,20456,"North Brunswick","T015","1/3/2024",14:44 Wed,"","NBT015010224","SILVER SPRING",0,0,"8:00",5,0,"North Brunswick","1/4/2024",6400,8,209771,14,12:24 Thu,"","09988767","",0:21,""
15,6,"1/3/2024",08:00 Wed,"34512558-00","HOME DEPOT 2558","14000 GEORGIA AVE","SILVER SPRING","USAMD","20906-2934","27360605",39.084810,-77.078500,"",0:15,"1/3/2024",15:06 Wed,20456,"North Brunswick","T015","1/3/2024",16:16 Wed,"","NBT015010224","SILVER SPRING",0,0,"7:00",6,0,"North Brunswick","1/4/2024",32100,55,964683,11,12:24 Thu,"","58988767","",0:21,""
15,7,"1/3/2024",08:00 Wed,"34512551-00","HOME DEPOT 2551","2300 BROADBIRCH DR","SILVER SPRING","USAMD","20904-1905","27360579",39.055490,-76.961390,"",0:15,"1/4/2024",08:00 Thu,20456,"North Brunswick","T015","1/4/2024",08:48 Thu,"","NBT015010224","LAUREL",0,0,"8:00",7,0,"North Brunswick","1/4/2024",19300,36,502524,12,12:24 Thu,"","51988767","",0:17,""
15,8,"1/3/2024",08:00 Wed,"34512571-00","HOME DEPOT 2571","210 FORT MEADE RD","LAUREL","USAMD","20707-4401","27360585",39.095130,-76.841610,"",0:15,"1/4/2024",09:03 Thu,20456,"North Brunswick","T015","1/4/2024",09:20 Thu,"","NBT015010224","North Brunswick",0,0,"6:00",8,0,"North Brunswick","1/4/2024",1449,4,64551,9,12:24 Thu,"","71988767","",0:15,""
16,1,"1/3/2024",08:00 Wed,"34512577-00","HOME DEPOT 2577","2401 CLEANLEIGH DR","BALTIMORE","USAMD","21234-6808","27360549",39.372750,-76.564300,"",0:15,"1/3/2024",10:38 Wed,20456,"North Brunswick","T016","1/3/2024",11:26 Wed,"","NBT016010224","BALTIMORE",0,0,"7:00",1,0,"North Brunswick","1/4/2024",19300,33,524705,155,13:42 Thu,"","77988767","",2:38,""
16,2,"1/3/2024",08:00 Wed,"34512504-00","HOME DEPOT 2504","1971 E JOPPA RD","BALTIMORE","USAMD","21234-2733","27360539",39.399313,-76.545221,"",0:15,"1/3/2024",11:32 Wed,20456,"North Brunswick","T016","1/3/2024",12:17 Wed,"","NBT016010224","COCKEYSVILLE",0,0,"6:00",2,0,"North Brunswick","1/4/2024",12800,17,280906,2,13:42 Thu,"","04988767","",0:05,""
16,3,"1/3/2024",08:00 Wed,"34512565-00","HOME DEPOT 2565","125 INDUSTRY LN","COCKEYSVILLE","USAMD","21030-3301","27341327",39.465870,-76.642220,"",0:15,"1/3/2024",12:30 Wed,20456,"North Brunswick","T016","1/3/2024",12:45 Wed,"","NBT016010224","CATONSVILLE",0,0,"8:00",3,0,"North Brunswick","1/4/2024",309,1,29079,9,13:42 Thu,"","65512687","",0:13,""
16,4,"1/3/2024",08:00 Wed,"34512503-00","HOME DEPOT 2503","6000 BALTIMORE NATIONAL PIKE","CATONSVILLE","USAMD","21228-2903","27360710",39.285190,-76.743490,"",0:15,"1/3/2024",13:07 Wed,20456,"North Brunswick","T016","1/3/2024",13:55 Wed,"","NBT016010224","HALETHORPE",0,0,"7:00",4,0,"North Brunswick","1/4/2024",19300,28,400147,17,13:42 Thu,"","03988767","",0:22,""
16,5,"1/3/2024",08:00 Wed,"34512579-00","HOME DEPOT 2579","3750 COMMERCE DR","HALETHORPE","USAMD","21227-1638","27360696",39.250863,-76.673922,"",0:15,"1/3/2024",14:07 Wed,20456,"North Brunswick","T016","1/3/2024",15:39 Wed,"","NBT016010224","BALTIMORE",0,0,"9:00",5,0,"North Brunswick","1/4/2024",44900,78,1325236,6,13:42 Thu,"","79988767","",0:11,""
16,6,"1/3/2024",08:00 Wed,"34512502-00","HOME DEPOT 2502","9955 PULASKI HWY","BALTIMORE","USAMD","21220-1411","27360628",39.359700,-76.446680,"",0:15,"1/3/2024",16:03 Wed,20456,"North Brunswick","T016","1/3/2024",16:39 Wed,"","NBT016010224","BALTIMORE",0,0,"7:00",6,0,"North Brunswick","1/4/2024",12800,24,336116,17,13:42 Thu,"","02988767","",0:24,""
16,7,"1/3/2024",08:00 Wed,"34512502-00","HOME DEPOT 2502","9955 PULASKI HWY","BALTIMORE","USAMD","21220-1411","27357775",39.359700,-76.446680,"",0:15,"1/3/2024",16:39 Wed,20456,"North Brunswick","T016","1/3/2024",16:39 Wed,"","NBT016010224","MIDDLE RIVER",0,0,"7:00",6,0,"North Brunswick","1/4/2024",1,2,990,17,13:42 Thu,"","02539350","",0:00,""
16,8,"1/3/2024",08:00 Wed,"34512566-500","CDS LOGISTICS","1225 BENGIES RD","MIDDLE RIVER","USAMD","21220-1928","27347244",39.342283,-76.416195,"",0:15,"1/4/2024",09:06 Thu,20456,"North Brunswick","T016","1/4/2024",09:30 Thu,"","NBT016010224","ABERDEEN",0,0,"7:30",7,0,"North Brunswick","1/4/2024",3984,10,255564,4,13:42 Thu,"","66535374","",0:10,""
16,9,"1/3/2024",08:00 Wed,"34512510-00","HOME DEPOT 2510","979 BEARDS HILL RD","ABERDEEN","USAMD","21001-1734","27360496",39.525360,-76.183440,"",0:15,"1/4/2024",10:00 Thu,20456,"North Brunswick","T016","1/4/2024",10:16 Thu,"","NBT016010224","WILMINGTON",0,0,"10:00",8,0,"North Brunswick","1/4/2024",1131,5,69849,21,13:42 Thu,"","10988767","",0:30,""
16,10,"1/3/2024",08:00 Wed,"34518440-00","HOME DEPOT 8440","3600 MILLER RD","WILMINGTON","USADE","19802-2524","27360543",39.768063,-75.534379,"",0:15,"1/4/2024",11:02 Thu,20456,"North Brunswick","T016","1/4/2024",12:01 Thu,"","NBT016010224","North Brunswick",0,0,"7:00",9,0,"North Brunswick","1/4/2024",25700,39,662891,42,13:42 Thu,"","40972089","",0:46,""
17,1,"1/3/2024",04:10 Wed,"34515829-02DFC","The Home Depot 5829/DFC","6301 Tradepoint Avenue","SPARROWS POINT","USAMD","21219","27354549",39.220150,-76.485290,"",0:15,"1/3/2024",07:00 Wed,20456,"North Brunswick","T017","1/3/2024",10:50 Wed,"","NBT017010224","SPARROWS POINT",0,0,"7:00",1,0,"North Brunswick","1/3/2024",89800,151,3151717,162,17:15 Wed,"","1945658166","",2:50,""
17,2,"1/3/2024",04:10 Wed,"34515829-02DFC","The Home Depot 5829/DFC","6301 Tradepoint Avenue","SPARROWS POINT","USAMD","21219","27354523",39.220150,-76.485290,"",0:15,"1/3/2024",10:50 Wed,20456,"North Brunswick","T017","1/3/2024",14:25 Wed,"","NBT017010224","North Brunswick",0,0,"7:00",1,0,"North Brunswick","1/3/2024",89800,151,3243060,162,17:15 Wed,"","1945655803","",0:00,""
49,1,"1/4/2024",04:00 Thu,"20551-00","MORGAN & MARGRAFF HOME CENTER","114 CONDENSARY LN","ELKLAND","USAPA","16920-1004","27357392",41.988587,-77.321156,"",0:15,"1/4/2024",08:29 Thu,20456,"North Brunswick","T049","1/4/2024",08:44 Thu,"","NBT049010224","North Brunswick",1,0,"7:00",1,0,"North Brunswick","1/4/2024",1,1,0,268,13:14 Thu,"","BLEDSOE","",4:29,""
71,1,"1/3/2024",06:22 Wed,"8542-JD48","JD:American Properties Traditions","1307 Wyckoff Road","WALL","USANJ","07753","27349765",40.218403,-74.124582,"",0:15,"1/3/2024",07:00 Wed,20456,"North Brunswick","T071","1/3/2024",07:17 Wed,"","NBT071010224","North Brunswick",1,0,"7:00",1,0,"North Brunswick","1/3/2024",1484,1,0,28,07:54 Wed,"","405099","",0:38,""
